{"cameraMode":{"drawMode":0,"name":"Shaded","section":"Shading Mode"},"sceneLighting":true,"audioPlay":false,"sceneViewState":{"showFog":false,"showMaterialUpdate":false,"showSkybox":false,"showFlares":false,"showImageEffects":false,"showParticleSystems":false},"in2DMode":false,"pivot":{"x":-395.4222717285156,"y":-254.23849487304688,"z":-1568.551513671875},"rotation":{"x":-0.10660345107316971,"y":0.008050997741520405,"z":-0.0008631143718957901,"w":-0.9942693710327148},"size":3.8453638553619386,"orthographic":false}