{"cameraMode":{"drawMode":0,"name":"Shaded","section":"Shading Mode"},"sceneLighting":true,"audioPlay":false,"sceneViewState":{"showFog":false,"showMaterialUpdate":false,"showSkybox":false,"showFlares":false,"showImageEffects":false,"showParticleSystems":false},"in2DMode":false,"pivot":{"x":-9992.181640625,"y":-4.077903747558594,"z":4.020490646362305},"rotation":{"x":-0.10211598873138428,"y":-0.017310962080955507,"z":0.001777328783646226,"w":-0.9946215152740479},"size":29.342483520507814,"orthographic":false}