{"cameraMode":{"drawMode":0,"name":"Shaded","section":"Shading Mode"},"sceneLighting":true,"audioPlay":false,"sceneViewState":{"showFog":true,"showMaterialUpdate":true,"showSkybox":false,"showFlares":true,"showImageEffects":true,"showParticleSystems":true},"in2DMode":false,"pivot":{"x":-353.0377197265625,"y":-264.2179870605469,"z":-1495.756103515625},"rotation":{"x":-0.12189517170190811,"y":-0.35288387537002566,"z":0.046425711363554,"w":-0.9265314340591431},"size":303.436279296875,"orthographic":false}