{"cameraMode":{"drawMode":0,"name":"Shaded","section":"Shading Mode"},"sceneLighting":true,"audioPlay":false,"sceneViewState":{"showFog":false,"showMaterialUpdate":false,"showSkybox":false,"showFlares":false,"showImageEffects":false,"showParticleSystems":false},"in2DMode":false,"pivot":{"x":-10000.0,"y":2.500001907348633,"z":9.999998092651368},"rotation":{"x":-0.0890907421708107,"y":-0.6203564405441284,"z":0.07122328132390976,"w":-0.7759832739830017},"size":34.49243927001953,"orthographic":false}