{"cameraMode":{"drawMode":0,"name":"Shaded","section":"Shading Mode"},"sceneLighting":true,"audioPlay":false,"sceneViewState":{"showFog":false,"showMaterialUpdate":false,"showSkybox":false,"showFlares":false,"showImageEffects":false,"showParticleSystems":false},"in2DMode":false,"pivot":{"x":476.7037658691406,"y":262.7627258300781,"z":0.02606201171875},"rotation":{"x":0.001190291834063828,"y":0.0005971891805529594,"z":8.073980097833555e-7,"w":-1.0000004768371583},"size":520.0307006835938,"orthographic":false}