{"cameraMode":{"drawMode":0,"name":"Shaded","section":"Shading Mode"},"sceneLighting":true,"audioPlay":false,"sceneViewState":{"showFog":true,"showMaterialUpdate":true,"showSkybox":false,"showFlares":true,"showImageEffects":true,"showParticleSystems":true},"in2DMode":false,"pivot":{"x":-9996.0908203125,"y":20.687641143798829,"z":4.527780532836914},"rotation":{"x":-0.0890907421708107,"y":-0.6203564405441284,"z":0.07122328132390976,"w":-0.7759832739830017},"size":54.480194091796878,"orthographic":false}