{"cameraMode":{"drawMode":0,"name":"Shaded","section":"Shading Mode"},"sceneLighting":true,"audioPlay":false,"sceneViewState":{"showFog":false,"showMaterialUpdate":false,"showSkybox":false,"showFlares":false,"showImageEffects":false,"showParticleSystems":false},"in2DMode":false,"pivot":{"x":453.1009826660156,"y":259.823974609375,"z":-0.2783203125},"rotation":{"x":-0.015309165231883526,"y":0.0020969801116734745,"z":-0.000031960084015736356,"w":-0.9998815059661865},"size":537.055908203125,"orthographic":false}