{"cameraMode":{"drawMode":0,"name":"Shaded","section":"Shading Mode"},"sceneLighting":true,"audioPlay":false,"sceneViewState":{"showFog":false,"showMaterialUpdate":false,"showSkybox":false,"showFlares":false,"showImageEffects":false,"showParticleSystems":false},"in2DMode":false,"pivot":{"x":433.8233947753906,"y":279.7971496582031,"z":8.280029296875},"rotation":{"x":-0.05275752767920494,"y":-0.03235199674963951,"z":0.0017101061530411244,"w":-0.9980828762054443},"size":233.34524536132813,"orthographic":false}