{"cameraMode":{"drawMode":0,"name":"Shaded","section":"Shading Mode"},"sceneLighting":false,"audioPlay":false,"sceneViewState":{"showFog":true,"showMaterialUpdate":true,"showSkybox":false,"showFlares":true,"showImageEffects":true,"showParticleSystems":true},"in2DMode":false,"pivot":{"x":0.0,"y":12.500001907348633,"z":-0.0000019073486328125},"rotation":{"x":-0.1183117926120758,"y":-0.16688615083694459,"z":0.02017548866569996,"w":-0.9786449670791626},"size":58.869998931884769,"orthographic":false}