{"cameraMode":{"drawMode":0,"name":"Shaded","section":"Shading Mode"},"sceneLighting":true,"audioPlay":false,"sceneViewState":{"showFog":false,"showMaterialUpdate":false,"showSkybox":false,"showFlares":false,"showImageEffects":false,"showParticleSystems":false},"in2DMode":false,"pivot":{"x":-396.75,"y":-254.07000732421876,"z":-1568.530029296875},"rotation":{"x":-0.015309165231883526,"y":0.0020969801116734745,"z":-0.000031960084015736356,"w":-0.9998815059661865},"size":4.445363998413086,"orthographic":false}