{"cameraMode":{"drawMode":0,"name":"Shaded","section":"Shading Mode"},"sceneLighting":true,"audioPlay":false,"sceneViewState":{"showFog":false,"showMaterialUpdate":false,"showSkybox":false,"showFlares":false,"showImageEffects":false,"showParticleSystems":false},"in2DMode":false,"pivot":{"x":163.2957763671875,"y":11.046253204345704,"z":-311.51312255859377},"rotation":{"x":-0.0890907421708107,"y":-0.6203564405441284,"z":0.07122328132390976,"w":-0.7759832739830017},"size":2.8578836917877199,"orthographic":false}